model,native_type,zone,nodes,start_channel,end_channel,design
HX_001_HOUSE_FACADE,Custom,FACADES,250,1,750,HOUSE FACADE
HX_002_WINDOW,Custom,WINDOWS,60,751,930,WINDOW
HX_003_WINDOW,Custom,WINDOWS,60,931,1110,WINDOW
HX_004_POINTED_ARCH,Custom,DOOR,160,1111,1590,POINTED ARCH
HX_005_ROSE_WINDOW,Custom,ROSE,150,1591,2040,ROSE WINDOW
HX_006_ROSE_WINDOW,Custom,ROSE,150,2041,2490,ROSE WINDOW
HX_007_ROSE_WINDOW,Custom,ROSE,150,2491,2940,ROSE WINDOW
HX_008_STAR_RAY,Custom,ROSE,12,2941,2976,STAR RAY
HX_009_STAR_RAY,Custom,ROSE,12,2977,3012,STAR RAY
HX_010_STAR_RAY,Custom,ROSE,12,3013,3048,STAR RAY
HX_011_STAR_RAY,Custom,ROSE,12,3049,3084,STAR RAY
HX_012_STAR_RAY,Custom,ROSE,12,3085,3120,STAR RAY
HX_013_STAR_RAY,Custom,ROSE,12,3121,3156,STAR RAY
HX_014_STAR_RAY,Custom,ROSE,12,3157,3192,STAR RAY
HX_015_STAR_RAY,Custom,ROSE,12,3193,3228,STAR RAY
HX_016_TOWER,Custom,TOWERS,400,3229,4428,TOWER
HX_017_POINTED_ARCH,Custom,WINDOWS,160,4429,4908,POINTED ARCH
HX_018_BUTTRESS,Custom,BUTTRESSES,130,4909,5298,BUTTRESS
HX_019_POINTED_ARCH,Custom,AISLES,160,5299,5778,POINTED ARCH
HX_020_BUTTRESS,Custom,BUTTRESSES,130,5779,6168,BUTTRESS
HX_021_POINTED_ARCH,Custom,AISLES,160,6169,6648,POINTED ARCH
HX_022_BUTTRESS,Custom,BUTTRESSES,130,6649,7038,BUTTRESS
HX_023_POINTED_ARCH,Custom,AISLES,160,7039,7518,POINTED ARCH
HX_024_BUTTRESS,Custom,BUTTRESSES,130,7519,7908,BUTTRESS
HX_025_POINTED_ARCH,Custom,AISLES,160,7909,8388,POINTED ARCH
HX_026_TOWER,Custom,TOWERS,400,8389,9588,TOWER
HX_027_POINTED_ARCH,Custom,WINDOWS,160,9589,10068,POINTED ARCH
HX_028_BUTTRESS,Custom,BUTTRESSES,130,10069,10458,BUTTRESS
HX_029_POINTED_ARCH,Custom,AISLES,160,10459,10938,POINTED ARCH
HX_030_BUTTRESS,Custom,BUTTRESSES,130,10939,11328,BUTTRESS
HX_031_POINTED_ARCH,Custom,AISLES,160,11329,11808,POINTED ARCH
HX_032_BUTTRESS,Custom,BUTTRESSES,130,11809,12198,BUTTRESS
HX_033_POINTED_ARCH,Custom,AISLES,160,12199,12678,POINTED ARCH
HX_034_BUTTRESS,Custom,BUTTRESSES,130,12679,13068,BUTTRESS
HX_035_POINTED_ARCH,Custom,AISLES,160,13069,13548,POINTED ARCH
HX_036_SPIRAL_TREE,Custom,GROVE,320,13549,14508,SPIRAL TREE
HX_037_SPIRAL_TREE,Custom,GROVE,320,14509,15468,SPIRAL TREE
HX_038_SPIRAL_TREE,Custom,GROVE,320,15469,16428,SPIRAL TREE
HX_039_SPIRAL_TREE,Custom,GROVE,320,16429,17388,SPIRAL TREE
HX_040_POINTED_ARCH,Custom,CLOISTER,160,17389,17868,POINTED ARCH
HX_041_CLOISTER_COLUMN,Custom,CLOISTER,395,17869,19053,CLOISTER COLUMN
HX_042_CLOISTER_COLUMN,Custom,CLOISTER,395,19054,20238,CLOISTER COLUMN
HX_043_POINTED_ARCH,Custom,CLOISTER,160,20239,20718,POINTED ARCH
HX_044_CLOISTER_COLUMN,Custom,CLOISTER,395,20719,21903,CLOISTER COLUMN
HX_045_CLOISTER_COLUMN,Custom,CLOISTER,395,21904,23088,CLOISTER COLUMN
HX_046_DEEP_GROVE,Custom,GROVE,395,23089,24273,DEEP GROVE
HX_047_DEEP_GROVE,Custom,GROVE,395,24274,25458,DEEP GROVE
HX_048_COURT,Custom,GROUND,200,25459,26058,COURT
HX_049_COURT,Custom,GROUND,200,26059,26658,COURT
HX_050_COURT,Custom,GROUND,200,26659,27258,COURT
